{"Training loss": 6.404321936850203, "_timestamp": 1697972530.9983222, "_runtime": 1423.5064573287964, "_step": 29}